<?xml version="1.0" encoding="UTF-8"?><metadata>
    <idinfo>
        <citation>
            <citeinfo>
                <origin/>
                <pubdate>20161202</pubdate>
                <title>Florida Panther Focus Area</title>
                <geoform>vector digital data</geoform>
                <othercit>http://geodata.myfwc.com/datasets/</othercit>
                <onlink>https://publicfiles.dep.state.fl.us/otis/gis/data/ESSA_FL_PANTHER_FOCUS_AREAS_SP.zip</onlink>
            </citeinfo>
        </citation>
        <descript>
            <abstract>Panther habitat zones were developed by the US Fish and Wildlife Service's panther subteam of Multi-Species/Ecosystem Recovery Implementation Team (MERIT). Members of the MERIT panther recovery subteam identified lands essential to the long-term survival of the Florida panther. The MERIT subteam defined the Primary Zone as "all lands essential for the survival of the Florida panther in the wild." A Secondary Zone includes "lands contiguous with the Primary Zone, and areas which panthers may currently use, and where expansion of the Florida panther population is most likely to occur". Lastly, a Dispersal Zone was identified as an area needed for panthers to disperse north of the Caloosahatchee River.</abstract>
            <purpose>Panther habitat zones as defined by the US Fish and Wildlife Service's panther subteam of Multi-Species/Ecosystem Recovery Implementation Team (MERIT).</purpose>
            <supplinf>Prior to July 1, 2004, the Fish and Wildlife Research Institute (FWRI) was known as the Florida Marine Research Institute (FMRI). The institute name has not been changed in historical data sets or references to work completed by the Florida Marine Research Institute. The institute name has been changed in references to ongoing research, new research, and contact information.</supplinf>
        </descript>
        <status>
            <progress>In work</progress>
            <update>None planned</update>
        </status>
        <spdom>
            <bounding>
                <westbc>-89.503141</westbc>
                <eastbc>-77.430145</eastbc>
                <northbc>33.149353</northbc>
                <southbc>22.826020</southbc>
            </bounding>
        </spdom>
        <keywords>
            <theme>
                <themekt>None</themekt>
                <themekey>Florida</themekey>
                <themekey>Habitat</themekey>
                <themekey>Panther</themekey>
                <themekey>MERIT</themekey>
            </theme>
            <theme>
                <themekt>Florida Panther Focus Area</themekt>
                <themekey>boundaries</themekey>
                <themekey>environment</themekey>
            </theme>
            <theme>
                <themekt>ISO 19115 Topic Categories</themekt>
                <themekey>environment</themekey>
                <themekey>boundaries</themekey>
            </theme>
        </keywords>
        <accconst>None</accconst>
        <useconst>Available without restriction. All data must be verified by Principal Investigator or Group Database Analyst prior to release. It is strongly recommended that this data is directly acquired from FWC and not indirectly through other sources which may have changed the data in some way. FWC makes no claims as to the data's suitability for other purposes. Acknowledgement of the FWC-FWRI (Florida Fish and Wildlife Conservation Commission-Fish and Wildlife Research Institute) as the data source would be appreciated in any products developed from these data, and such acknowledgment as is standard for citation and legal practices for data source is expected by users of this data. Please cite the original metadata when using portions of the record to create a similar record of slightly altered data, such as reprojection. If any data are modified or adjusted, please share the edited information with FWC. Users should be aware that comparison with other data sets for the same area from other time periods may be inaccurate due to inconsistencies resulting from changes in mapping conventions, data collection, and computer processes over time. FWC shall not be liable for improper or incorrect use of this data. These data are not legal documents and are not to be used as such. This is not a survey data set and should not be utilized as such. These data are not to be used for navigation.</useconst>
        <ptcontac>
            <cntinfo>
                <cntorgp>
                    <cntorg>Florida Fish and Wildlife Conservation Commission-Fish and Wildlife Research Institute</cntorg>
                    <cntper>GIS Data Librarian</cntper>
                </cntorgp>
                <cntaddr>
                    <addrtype>mailing and physical</addrtype>
                    <address>100 Eighth Avenue Southeast</address>
                    <city>St. Petersburg</city>
                    <state>FL</state>
                    <postal>33701</postal>
                    <country>US</country>
                </cntaddr>
                <cntvoice>(727) 896-8626</cntvoice>
                <cntfax>(727) 893-1679</cntfax>
                <cntemail>GISLibrarian@MyFWC.com</cntemail>
                <hours>8:00 a.m.-5:00 p.m. Eastern time</hours>
            </cntinfo>
        </ptcontac>
        <ptcontac>
            <cntinfo>
                <cntorgp>
                    <cntorg>Florida Department of Environmental Protection (FDEP) OTIS/GIS Section</cntorg>
                </cntorgp>
                <cntaddr>
                    <addrtype>mailing and physical</addrtype>
                    <address>2600 Blair Stone Rd</address>
                    <address>MS 6520</address>
                    <city>Tallahassee</city>
                    <state>FL</state>
                    <postal>32399-2400</postal>
                    <country>US</country>
                </cntaddr>
                <cntvoice>850-245-7650</cntvoice>
                <cntemail>GIS.Librarian@dep.state.fl.us</cntemail>
                <cntinst>Please contact regarding use in the ESSA application.</cntinst>
            </cntinfo>
        </ptcontac>
        <datacred>U. S. Fish and Wildlife Service &amp; Florida Fish and Wildlife Conservation Commission-Fish and Wildlife Research Institute</datacred>
        <native> Version 6.2 (Build 9200) ; Esri ArcGIS 10.6.1.9270</native>
    </idinfo>
    <dataqual>
        <lineage>
            <procstep>
                <procdesc>Data added in SDE - to be used in ESSA procedure.</procdesc>
                <procdate>20160803</procdate>
                <proccont>
                    <cntinfo>
                        <cntorgp>
                            <cntorg>Florida Department of Environmental Protection (FDEP) OTIS/GIS Section</cntorg>
                        </cntorgp>
                        <cntaddr>
                            <addrtype>mailing and physical</addrtype>
                            <address>2600 Blair Stone Rd MS 6520</address>
                            <city>Tallahassee</city>
                            <state>FL</state>
                            <postal>32399-2400</postal>
                            <country>US</country>
                        </cntaddr>
                        <cntemail>GIS.Librarian@dep.state.fl.us</cntemail>
                    </cntinfo>
                </proccont>
            </procstep>
        </lineage>
    </dataqual>
    <spdoinfo>
        <direct>Vector</direct>
        <ptvctinf>
            <sdtsterm>
                <sdtstype>Complete chain</sdtstype>
                <ptvctcnt>4</ptvctcnt>
            </sdtsterm>
        </ptvctinf>
    </spdoinfo>
    <eainfo>
        <detailed>
            <enttyp>
                <enttypl>ESSA_FL_PANTHER_FOCUS_AREAS_SP</enttypl>
            </enttyp>
            <attr>
                <attrlabl>OBJECTID</attrlabl>
                <attrdef>Internal feature number.</attrdef>
                <attrdefs>Esri</attrdefs>
                <attrdomv>
                                        
                    
                    <udom>Sequential unique whole numbers that are automatically generated.</udom>
                                        
                
                </attrdomv>
            </attr>
            <attr>
                <attrlabl>GEOMETRY</attrlabl>
            </attr>
            <attr>
                <attrlabl>ACRES</attrlabl>
                <attrdef>The acres within the focus area.</attrdef>
            </attr>
            <attr>
                <attrlabl>ZONE</attrlabl>
                <attrdef>Primary Zone as "all lands essential for the survival of the Florida panther in the wild."

A Secondary Zone includes "lands contiguous with the Primary Zone, and areas which panthers may currently use, and where expansion of the Florida panther population is most likely to occur". 

Dispersal Zone was identified as an area needed for panthers to disperse north of the Caloosahatchee River. </attrdef>
                <attrdefs>FWC</attrdefs>
            </attr>
            <attr>
                <attrlabl>DESCRIPT</attrlabl>
                <attrdef>Primary Zone as "all lands essential for the survival of the Florida panther in the wild."

A Secondary Zone includes "lands contiguous with the Primary Zone, and areas which panthers may currently use, and where expansion of the Florida panther population is most likely to occur". 

Dispersal Zone was identified as an area needed for panthers to disperse north of the Caloosahatchee River. </attrdef>
                <attrdefs>FWC</attrdefs>
            </attr>
            <attr>
                <attrlabl>SE_ANNO_CAD_DATA</attrlabl>
            </attr>
            <attr>
                <attrlabl>GEOMETRY.AREA</attrlabl>
            </attr>
            <attr>
                <attrlabl>GEOMETRY.LEN</attrlabl>
            </attr>
        </detailed>
    </eainfo>
    <metainfo>
        <metd>20230512</metd>
        <metc>
            <cntinfo>
                <cntorgp>
                    <cntorg>Florida Fish and Wildlife Conservation Commission-Fish and Wildlife Research Institute</cntorg>
                    <cntper>GIS Data Librarian</cntper>
                </cntorgp>
                <cntaddr>
                    <addrtype>mailing and physical</addrtype>
                    <address>100 Eighth Avenue Southeast</address>
                    <city>St. Petersburg</city>
                    <state>FL</state>
                    <postal>33701</postal>
                    <country>US</country>
                </cntaddr>
                <cntvoice>(727) 896-8626</cntvoice>
                <cntfax>(727) 893-1679</cntfax>
                <cntemail>GISLibrarian@MyFWC.com</cntemail>
                <hours>8:00 a.m.-5:00 p.m. Eastern time</hours>
            </cntinfo>
        </metc>
        <metstdn>FGDC Content Standard for Digital Geospatial Metadata</metstdn>
        <metstdv>FGDC-STD-001-1998</metstdv>
        <mettc>local time</mettc>
        <metuc>This data set is in the public domain, and the recipient may not assert any proprietary rights thereto nor represent it to anyone as other than a FWC-FWRI produced data set; it is provided "as-is" without warranty of any kind, including, but not limited to, the implied warranties of merchantability and fitness for a particular purpose. The user assumes all responsibility for the accuracy and suitability of this data set for a specific application. In no event will the staff of the Fish and Wildlife Research Institute be liable for any damages, including lost profits, lost savings, or other incidental or consequential damages arising from the use of or the inability to use this data set.</metuc>
    </metainfo>
</metadata>
